ISO_TIME,NATURE,LAT,LON,SID,SEASON,NUMBER,SUBBASIN,NAME,WMO_WIND,WMO_PRES,WMO_AGENCY,TRACK_TYPE,DIST2LAND,LANDFALL,IFLAG,USA_AGENCY,USA_ATCF_ID,USA_LAT,USA_LON,USA_RECORD,USA_STATUS,USA_WIND,USA_PRES,USA_SSHS,USA_R34_NE,USA_R34_SE,USA_R34_SW,USA_R34_NW,USA_R50_NE,USA_R50_SE,USA_R50_SW,USA_R50_NW,USA_R64_NE,USA_R64_SE,USA_R64_SW,USA_R64_NW,USA_POCI,USA_ROCI,USA_RMW,USA_GUST,USA_SEAHGT,USA_SEARAD_NE,USA_SEARAD_SE,USA_SEARAD_SW,USA_SEARAD_NW,STORM_SPEED,STORM_DIR
8/16/17 6:00,DS,13.7,-45.8,2017228N14314,2017,61,,HARVEY,25,1013,hurdat_atl,main,1209,1157,O_____________,hurdat_atl,AL092017,13.7,-45.8, ,LO,25,1013,-3, , , , , , , , , , , , ,1013,150,80, , , , , , ,16,271
8/16/17 9:00,DS,13.713,-46.5999,2017228N14314,2017,61,,HARVEY, , , ,main,1157,1109,P_____________, ,AL092017,13.713,-46.5999, ,LO,25,1011,-3, , , , , , , , , , , , ,1013,150,80, , , , , , ,16,270
8/16/17 12:00,DS,13.7,-47.4,2017228N14314,2017,61,,HARVEY,25,1010,hurdat_atl,main,1109,1067,O_____________,hurdat_atl,AL092017,13.7,-47.4, ,LO,25,1010,-3, , , , , , , , , , , , ,1013,150,80, , , , , , ,16,268
8/16/17 15:00,DS,13.6497,-48.2001,2017228N14314,2017,61,,HARVEY, , , ,main,1057,1018,P_____________, ,AL092017,13.6497,-48.2001, ,LO,25,1009,-3, , , , , , , , , , , , ,1013,150,80, , , , , , ,16,266
8/16/17 18:00,DS,13.6,-49,2017228N14314,2017,61,,HARVEY,25,1009,hurdat_atl,main,1018,986,O_____________,hurdat_atl,AL092017,13.6,-49, ,LO,25,1009,-3, , , , , , , , , , , , ,1013,150,80, , , , , , ,16,268
8/16/17 21:00,DS,13.6074,-49.8148,2017228N14314,2017,61,,HARVEY, , , ,main,986,948,P_____________, ,AL092017,13.6074,-49.8148, ,LO,25,1009,-3, , , , , , , , , , , , ,1012,135,80, , , , , , ,16,270
8/17/17 0:00,DS,13.6,-50.6,2017228N14314,2017,61,,HARVEY,25,1010,hurdat_atl,main,948,908,O_____________,hurdat_atl,AL092017,13.6,-50.6, ,LO,25,1010,-3, , , , , , , , , , , , ,1012,120,80, , , , , , ,15,267
8/17/17 3:00,DS,13.5222,-51.315,2017228N14314,2017,61,,HARVEY, , , ,main,908,874,P_____________, ,AL092017,13.5222,-51.315, ,LO,25,1009,-3, , , , , , , , , , , , ,1012,120,75, , , , , , ,14,262
8/17/17 6:00,TS,13.4,-52,2017228N14314,2017,61,,HARVEY,25,1008,hurdat_atl,main,874,847,O_____________,hurdat_atl,AL092017,13.4,-52, ,TD,25,1008,-1, , , , , , , , , , , , ,1012,120,70, , , , , , ,14,258
8/17/17 9:00,TS,13.2422,-52.6851,2017228N14314,2017,61,,HARVEY, , , ,main,834,811,P_____________, ,AL092017,13.2422,-52.6851, ,TD,27,1008,-1, , , , , , , , , , , , ,1012,120,70, , , , , , ,14,258
8/17/17 12:00,TS,13.1,-53.4,2017228N14314,2017,61,,HARVEY,30,1008,hurdat_atl,main,811,775,O_____________,hurdat_atl,AL092017,13.1,-53.4, ,TD,30,1008,-1, , , , , , , , , , , , ,1012,120,70,40, , , , , ,15,262
8/17/17 15:00,TS,13.0274,-54.1849,2017228N14314,2017,61,,HARVEY, , , ,main,767,702,P_____________, ,AL092017,13.0274,-54.1849, ,TD,32,1006,-1, , , , , , , , , , , , ,1012,120,50, , , , , , ,16,266
8/17/17 18:00,TS,13,-55,2017228N14314,2017,61,,HARVEY,35,1004,hurdat_atl,main,702,631,O_____________,hurdat_atl,AL092017,13,-55, ,TS,35,1004,0,30, , ,30, , , , , , , , ,1012,120,30,45, , , , , ,16,269
8/17/17 21:00,TS,12.9921,-55.7849,2017228N14314,2017,61,,HARVEY, , , ,main,622,543,P_____________, ,AL092017,12.9921,-55.7849, ,TS,37,1003,0,40, , ,40, , , , , , , , ,1011,120,30, , , , , , ,16,270
8/18/17 0:00,TS,13,-56.6,2017228N14314,2017,61,,HARVEY,40,1003,hurdat_atl,main,543,469,O_____________,hurdat_atl,AL092017,13,-56.6, ,TS,40,1003,0,50, , ,50, , , , , , , , ,1010,120,30,45,12,30, , ,30,17,270
8/18/17 3:00,TS,12.9862,-57.4859,2017228N14314,2017,61,,HARVEY, , , ,main,459,390,P_____________, ,AL092017,12.9862,-57.4859, ,TS,40,1003,0,50, , ,50, , , , , , , , ,1010,120,30, ,12,45, , ,45,18,270
8/18/17 6:00,TS,13,-58.4,2017228N14314,2017,61,,HARVEY,40,1004,hurdat_atl,main,382,332,O_____________,hurdat_atl,AL092017,13,-58.4, ,TS,40,1004,0,50, , ,50, , , , , , , , ,1010,120,30,45,12,60, , ,60,18,273
8/18/17 9:00,TS,13.0822,-59.2799,2017228N14314,2017,61,,HARVEY, , , ,main,326,308,P_____________, ,AL092017,13.0822,-59.2799, ,TS,40,1004,0,50, , ,50, , , , , , , , ,1010,120,30, ,12,60, , ,60,18,275
8/18/17 10:00,TS,13.1,-59.6,2017228N14314,2017,61,CS,HARVEY,40,1004,hurdat_atl,main,308,282,V_____________,hurdat_atl,AL092017,13.1,-59.6,L,TS,40,1004,0,50, , ,50, , , , , , , , ,1010,120,30, ,12,60, , ,60,20,271
8/18/17 12:00,TS,13.1,-60.3,2017228N14314,2017,61,CS,HARVEY,40,1004,hurdat_atl,main,279,269,O_____________,hurdat_atl,AL092017,13.1,-60.3, ,TS,40,1004,0,60, , ,60, , , , , , , , ,1010,120,40,45,12,60, , ,60,19,274
8/18/17 15:00,TS,13.2,-61.2,2017228N14314,2017,61,CS,HARVEY,40,1004,hurdat_atl,main,279,279,V_____________,hurdat_atl,AL092017,13.2,-61.2,L,TS,40,1004,0,60, , ,60, , , , , , , , ,1010,120,40, ,12,67, , ,60,19,273
8/18/17 18:00,TS,13.2,-62.2,2017228N14314,2017,61,CS,HARVEY,35,1005,hurdat_atl,main,279,279,O_____________,hurdat_atl,AL092017,13.2,-62.2, ,TS,35,1005,0,60, , ,60, , , , , , , , ,1010,120,60,45,12,75, , ,60,19,273
8/18/17 21:00,TS,13.286,-63.1271,2017228N14314,2017,61,CS,HARVEY, , , ,main,291,291,P_____________, ,AL092017,13.286,-63.1271, ,TS,35,1005,0,60, , ,60, , , , , , , , ,1009,120,60, ,12,112, , ,60,18,277
8/19/17 0:00,TS,13.4,-64,2017228N14314,2017,61,CS,HARVEY,35,1005,hurdat_atl,main,313,313,O_____________,hurdat_atl,AL092017,13.4,-64, ,TS,35,1005,0,60, , ,60, , , , , , , , ,1009,120,60,45,12,150, , ,60,17,276
8/19/17 3:00,TS,13.4496,-64.8502,2017228N14314,2017,61,CS,HARVEY, , , ,main,322,322,P_____________, ,AL092017,13.4496,-64.8502, ,TS,35,1005,0,60, , ,60, , , , , , , , ,1008,120,60, ,12,105, , ,52,17,273
8/19/17 6:00,TS,13.5,-65.7,2017228N14314,2017,61,CS,HARVEY,35,1005,hurdat_atl,main,326,324,O_____________,hurdat_atl,AL092017,13.5,-65.7, ,TS,35,1005,0,60, , ,60, , , , , , , , ,1008,120,60,45,12,60, , ,45,17,275
8/19/17 9:00,TS,13.5998,-66.5999,2017228N14314,2017,61,CS,HARVEY, , , ,main,332,293,P_____________, ,AL092017,13.5998,-66.5999, ,TS,32,1005,-1, , , , , , , , , , , , ,1008,110,60, ,12,60, , ,52,18,277
8/19/17 12:00,TS,13.7,-67.5,2017228N14314,2017,61,CS,HARVEY,30,1006,hurdat_atl,main,293,249,O_____________,hurdat_atl,AL092017,13.7,-67.5, ,TD,30,1006,-1, , , , , , , , , , , , ,1009,100,60,45,12,60, , ,60,17,275
8/19/17 15:00,TS,13.7496,-68.3502,2017228N14314,2017,61,CS,HARVEY, , , ,main,241,204,P_____________, ,AL092017,13.7496,-68.3502, ,TD,30,1006,-1, , , , , , , , , , , , ,1009,100,60, , , , , , ,17,273
8/19/17 18:00,DS,13.8,-69.2,2017228N14314,2017,61,CS,HARVEY,30,1007,hurdat_atl,main,204,191,O_____________,hurdat_atl,AL092017,13.8,-69.2, ,WV,30,1007,-3, , , , , , , , , , , , ,1009,100,60,40, , , , , ,17,275
8/19/17 21:00,DS,13.8922,-70.085,2017228N14314,2017,61,CS,HARVEY, , , ,main,201,190,P_____________, ,AL092017,13.8922,-70.085, ,WV,30,1007,-3, , , , , , , , , , , , ,1008,140,60, , , , , , ,18,277
8/20/17 0:00,DS,14,-71,2017228N14314,2017,61,CS,HARVEY,30,1007,hurdat_atl,main,187,179,O_____________,hurdat_atl,AL092017,14,-71, ,WV,30,1007,-3, , , , , , , , , , , , ,1008,180,60,40, , , , , ,18,277
8/20/17 3:00,DS,14.0995,-71.9276,2017228N14314,2017,61,CS,HARVEY, , , ,main,191,191,P_____________, ,AL092017,14.0995,-71.9276, ,WV,30,1007,-3, , , , , , , , , , , , ,1008,180,60, , , , , , ,19,276
8/20/17 6:00,DS,14.2,-72.9,2017228N14314,2017,61,CS,HARVEY,30,1007,hurdat_atl,main,234,234,O_____________,hurdat_atl,AL092017,14.2,-72.9, ,WV,30,1007,-3, , , , , , , , , , , , ,1008,180,60, , , , , , ,20,276
8/20/17 9:00,DS,14.2925,-73.9576,2017228N14314,2017,61,CS,HARVEY, , , ,main,305,305,P_____________, ,AL092017,14.2925,-73.9576, ,WV,30,1006,-3, , , , , , , , , , , , ,1008,165,60, , , , , , ,20,276
8/20/17 12:00,DS,14.4,-75,2017228N14314,2017,61,CS,HARVEY,30,1006,hurdat_atl,main,368,368,O_____________,hurdat_atl,AL092017,14.4,-75, ,WV,30,1006,-3, , , , , , , , , , , , ,1009,150,60, , , , , , ,19,277
8/20/17 15:00,DS,14.5344,-75.9226,2017228N14314,2017,61,CS,HARVEY, , , ,main,381,338,P_____________, ,AL092017,14.5344,-75.9226, ,WV,30,1006,-3, , , , , , , , , , , , ,1009,135,60, , , , , , ,18,280
8/20/17 18:00,DS,14.7,-76.8,2017228N14314,2017,61,CS,HARVEY,30,1007,hurdat_atl,main,338,316,O_____________,hurdat_atl,AL092017,14.7,-76.8, ,WV,30,1007,-3, , , , , , , , , , , , ,1010,120,60, , , , , , ,17,281
8/20/17 21:00,DS,14.8771,-77.6928,2017228N14314,2017,61,CS,HARVEY, , , ,main,317,314,P_____________, ,AL092017,14.8771,-77.6928, ,WV,27,1007,-3, , , , , , , , , , , , ,1010,120,75, , , , , , ,18,283
8/21/17 0:00,DS,15.1,-78.6,2017228N14314,2017,61,CS,HARVEY,25,1007,hurdat_atl,main,327,324,O_____________,hurdat_atl,AL092017,15.1,-78.6, ,WV,25,1007,-3, , , , , , , , , , , , ,1010,120,90, , , , , , ,19,286
8/21/17 3:00,DS,15.3771,-79.5352,2017228N14314,2017,61,CS,HARVEY, , , ,main,334,300,P_____________, ,AL092017,15.3771,-79.5352, ,WV,25,1007,-3, , , , , , , , , , , , ,1010,120,90, , , , , , ,19,288
8/21/17 6:00,DS,15.7,-80.5,2017228N14314,2017,61,CS,HARVEY,25,1008,hurdat_atl,main,289,213,O_____________,hurdat_atl,AL092017,15.7,-80.5, ,WV,25,1008,-3, , , , , , , , , , , , ,1010,120,90, , , , , , ,20,289
8/21/17 9:00,DS,16.027,-81.4855,2017228N14314,2017,61,CS,HARVEY, , , ,main,204,162,P_____________, ,AL092017,16.027,-81.4855, ,WV,25,1008,-3, , , , , , , , , , , , ,1011,120,90, , , , , , ,20,290
8/21/17 12:00,DS,16.4,-82.5,2017228N14314,2017,61,CS,HARVEY,25,1008,hurdat_atl,main,156,140,O_____________,hurdat_atl,AL092017,16.4,-82.5, ,WV,25,1008,-3, , , , , , , , , , , , ,1012,120,90, , , , , , ,22,292
8/21/17 15:00,DS,16.8499,-83.5648,2017228N14314,2017,61,CS,HARVEY, , , ,main,134,134,P_____________, ,AL092017,16.8499,-83.5648, ,WV,25,1008,-3, , , , , , , , , , , , ,1012,120,90, , , , , , ,22,294
8/21/17 18:00,DS,17.3,-84.6,2017228N14314,2017,61,CS,HARVEY,25,1008,hurdat_atl,main,157,156,O_____________,hurdat_atl,AL092017,17.3,-84.6, ,WV,25,1008,-3, , , , , , , , , , , , ,1012,120,90, , , , , , ,21,293
8/21/17 21:00,DS,17.6721,-85.5529,2017228N14314,2017,61,CS,HARVEY, , , ,main,201,149,P_____________, ,AL092017,17.6721,-85.5529, ,WV,25,1008,-3, , , , , , , , , , , , ,1012,120,90, , , , , , ,19,292
8/22/17 0:00,DS,18,-86.4,2017228N14314,2017,61,CS,HARVEY,25,1008,hurdat_atl,main,149,71,O_____________,hurdat_atl,AL092017,18,-86.4, ,WV,25,1008,-3, , , , , , , , , , , , ,1012,120,90, , , , , , ,17,292
8/22/17 3:00,DS,18.2922,-87.1604,2017228N14314,2017,61,CS,HARVEY, , , ,main,62,0,P_____________, ,AL092017,18.2922,-87.1604, ,WV,25,1008,-3, , , , , , , , , , , , ,1012,120,90, , , , , , ,15,294
8/22/17 6:00,DS,18.6,-87.8,2017228N14314,2017,61,,HARVEY,25,1009,hurdat_atl,main,0,0,O_____________,hurdat_atl,AL092017,18.6,-87.8, ,WV,25,1009,-3, , , , , , , , , , , , ,1012,120,90, , , , , , ,13,302
8/22/17 9:00,DS,18.9996,-88.3376,2017228N14314,2017,61,,HARVEY, , , ,main,0,0,P_____________, ,AL092017,18.9996,-88.3376, ,WV,25,1009,-3, , , , , , , , , , , , ,1012,120,90, , , , , , ,12,310
8/22/17 12:00,DS,19.4,-88.8,2017228N14314,2017,61,,HARVEY,25,1010,hurdat_atl,main,0,0,O_____________,hurdat_atl,AL092017,19.4,-88.8, ,WV,25,1010,-3, , , , , , , , , , , , ,1013,120,90,35, , , , , ,11,310
8/22/17 15:00,DS,19.7223,-89.2503,2017228N14314,2017,61,,HARVEY, , , ,main,0,0,P_____________, ,AL092017,19.7223,-89.2503, ,WV,25,1010,-3, , , , , , , , , , , , ,1013,120,90, , , , , , ,10,305
8/22/17 18:00,DS,20,-89.7,2017228N14314,2017,61,,HARVEY,25,1010,hurdat_atl,main,0,0,O_____________,hurdat_atl,AL092017,20,-89.7, ,LO,25,1010,-3, , , , , , , , , , , , ,1013,120,90,35, , , , , ,10,301
8/22/17 21:00,DS,20.265,-90.2001,2017228N14314,2017,61,,HARVEY, , , ,main,0,0,P_____________, ,AL092017,20.265,-90.2001, ,LO,25,1009,-3, , , , , , , , , , , , ,1012,120,90, , , , , , ,11,298
8/23/17 0:00,DS,20.5,-90.7,2017228N14314,2017,61,GM,HARVEY,25,1009,hurdat_atl,main,20,20,O_____________,hurdat_atl,AL092017,20.5,-90.7, ,LO,25,1009,-3, , , , , , , , , , , , ,1011,120,90,35, , , , , ,10,296
8/23/17 3:00,DS,20.6999,-91.1727,2017228N14314,2017,61,GM,HARVEY, , , ,main,76,76,P_____________, ,AL092017,20.6999,-91.1727, ,LO,25,1008,-3, , , , , , , , , , , , ,1011,130,90, , , , , , ,9,295
8/23/17 6:00,DS,20.9,-91.6,2017228N14314,2017,61,GM,HARVEY,25,1008,hurdat_atl,main,122,122,O_____________,hurdat_atl,AL092017,20.9,-91.6, ,LO,25,1008,-3, , , , , , , , , , , , ,1012,140,90,35, , , , , ,9,301
8/23/17 9:00,DS,21.165,-92.0098,2017228N14314,2017,61,GM,HARVEY, , , ,main,171,171,P_____________, ,AL092017,21.165,-92.0098, ,LO,27,1007,-3, , , , , , , , , , , , ,1011,145,95, , , , , , ,8,307
8/23/17 12:00,TS,21.4,-92.3,2017228N14314,2017,61,GM,HARVEY,30,1006,hurdat_atl,main,208,208,O_____________,hurdat_atl,AL092017,21.4,-92.3, ,TD,30,1006,-1, , , , , , , , , , , , ,1011,150,100,40, , , , , ,5,314
8/23/17 15:00,TS,21.5074,-92.3952,2017228N14314,2017,61,GM,HARVEY, , , ,main,221,221,P_____________, ,AL092017,21.5074,-92.3952, ,TD,32,1005,-1, , , , , , , , , , , , ,1011,150,100, , , , , , ,2,333
8/23/17 18:00,TS,21.6,-92.4,2017228N14314,2017,61,GM,HARVEY,35,1005,hurdat_atl,main,224,224,O_____________,hurdat_atl,AL092017,21.6,-92.4, ,TS,35,1005,0,60, , , , , , , , , , , ,1011,150,100,40, , , , , ,3,348
8/23/17 21:00,TS,21.755,-92.45,2017228N14314,2017,61,GM,HARVEY, , , ,main,240,240,P_____________, ,AL092017,21.755,-92.45, ,TS,37,1004,0,65, , , , , , , , , , , ,1010,150,80, , , , , , ,4,347
8/24/17 0:00,TS,22,-92.5,2017228N14314,2017,61,GM,HARVEY,40,1003,hurdat_atl,main,248,248,O_____________,hurdat_atl,AL092017,22,-92.5, ,TS,40,1003,0,70, , , , , , , , , , , ,1009,150,60,40, , , , , ,6,353
8/24/17 3:00,TS,22.3624,-92.5203,2017228N14314,2017,61,GM,HARVEY, , , ,main,269,269,P_____________, ,AL092017,22.3624,-92.5203, ,TS,45,1000,0,75, , , , , , , , , , , ,1009,150,45, , , , , , ,8,354
8/24/17 6:00,TS,22.8,-92.6,2017228N14314,2017,61,GM,HARVEY,50,997,hurdat_atl,main,303,303,O_____________,hurdat_atl,AL092017,22.8,-92.6, ,TS,50,997,0,80, , ,50,30, , , , , , , ,1009,150,30,50, , , , , ,9,343
8/24/17 9:00,TS,23.2576,-92.8198,2017228N14314,2017,61,GM,HARVEY, , , ,main,355,355,P_____________, ,AL092017,23.2576,-92.8198, ,TS,55,991,0,80, , ,50,30, , , , , , , ,1008,165,30, , , , , , ,10,333
8/24/17 12:00,TS,23.7,-93.1,2017228N14314,2017,61,GM,HARVEY,60,986,hurdat_atl,main,408,408,O_____________,hurdat_atl,AL092017,23.7,-93.1, ,TS,60,986,0,80,30,20,50,30,10, ,20, , , , ,1008,180,30,75,12, , , ,60,9,330
8/24/17 15:00,TS,24.0723,-93.3278,2017228N14314,2017,61,GM,HARVEY, , , ,main,427,386,P_____________, ,AL092017,24.0723,-93.3278, ,TS,65,982,1,80,35,25,55,30,15, ,25,10, , , ,1008,180,22, ,12, , , ,75,8,327
8/24/17 18:00,TS,24.4,-93.6,2017228N14314,2017,61,GM,HARVEY,70,978,hurdat_atl,main,386,337,O_____________,hurdat_atl,AL092017,24.4,-93.6, ,HU,70,978,1,80,40,30,60,30,20,20,30,20, , , ,1008,180,15,90,12,90,30,30,90,9,317
8/24/17 21:00,TS,24.7076,-93.985,2017228N14314,2017,61,GM,HARVEY, , , ,main,337,289,P_____________, ,AL092017,24.7076,-93.985, ,HU,75,975,1,85,45,35,60,30,20,20,30,20, , , ,1008,185,12, ,12,105,52,52,82,9,310
8/25/17 0:00,TS,25,-94.4,2017228N14314,2017,61,GM,HARVEY,80,973,hurdat_atl,main,289,252,O_____________,hurdat_atl,AL092017,25,-94.4, ,HU,80,973,1,90,50,40,60,30,20,20,30,20,10,10,10,1008,190,10,90,12,120,75,75,75,9,310
8/25/17 3:00,TS,25.2924,-94.7578,2017228N14314,2017,61,GM,HARVEY, , , ,main,243,204,P_____________, ,AL092017,25.2924,-94.7578, ,HU,85,969,2,105,50,40,75,30,25,20,30,20,15,10,15,1008,190,10, ,12,105,75,67,82,9,313
8/25/17 6:00,TS,25.6,-95.1,2017228N14314,2017,61,GM,HARVEY,90,966,hurdat_atl,main,204,170,O_____________,hurdat_atl,AL092017,25.6,-95.1, ,HU,90,966,2,120,50,40,90,30,30,20,30,20,20,10,20,1008,190,10,110,12,90,75,60,90,9,315
8/25/17 9:00,TS,25.935,-95.4651,2017228N14314,2017,61,GM,HARVEY, , , ,main,160,133,P_____________, ,AL092017,25.935,-95.4651, ,HU,92,957,2,120,70,60,95,40,35,30,30,25,20,10,20,1007,200,10, ,12,105,82,67,105,9,318
8/25/17 12:00,TS,26.3,-95.8,2017228N14314,2017,61,GM,HARVEY,95,949,hurdat_atl,main,133,123,O_____________,hurdat_atl,AL092017,26.3,-95.8, ,HU,95,949,2,120,90,80,100,50,40,40,30,30,20,10,20,1007,210,10,115,12,120,90,75,120,9,325
8/25/17 15:00,TS,26.6999,-96.0652,2017228N14314,2017,61,GM,HARVEY, , , ,main,126,108,P_____________, ,AL092017,26.6999,-96.0652, ,HU,100,946,3,120,90,80,100,50,40,40,35,30,22,15,22,1007,195,12, ,12,135,105,82,120,9,331
8/25/17 18:00,TS,27.1,-96.3,2017228N14314,2017,61,GM,HARVEY,105,943,hurdat_atl,main,108,67,O_____________,hurdat_atl,AL092017,27.1,-96.3, ,HU,105,943,3,120,90,80,100,50,40,40,40,30,25,20,25,1008,180,15,130,12,150,120,90,120,9,330
8/25/17 21:00,TS,27.4875,-96.5806,2017228N14314,2017,61,GM,HARVEY, , , ,main,67,34,P_____________, ,AL092017,27.4875,-96.5806, ,HU,110,942,3,120,90,80,85,55,40,40,40,32,25,20,25,1008,180,15, ,12,180,150,90,90,8,328
8/26/17 0:00,TS,27.8,-96.8,2017228N14314,2017,61,GM,HARVEY,115,941,hurdat_atl,main,34,11,O_____________,hurdat_atl,AL092017,27.8,-96.8, ,HU,115,941,4,120,90,80,70,60,40,40,40,35,25,20,25,1009,180,15,140,12,210,180,90,60,6,331
8/26/17 3:00,TS,28,-96.9,2017228N14314,2017,61,GM,HARVEY,115,937,hurdat_atl,main,11,0,V_____________,hurdat_atl,AL092017,28,-96.9,L,HU,115,937,4,120,90,80,70,60,40,40,40,35,25,20,25,1009,180,15, ,12,210,180,90, ,5,326
8/26/17 6:00,TS,28.2,-97.1,2017228N14314,2017,61,GM,HARVEY,105,948,hurdat_atl,main,0,0,O_____________,hurdat_atl,AL092017,28.2,-97.1,L,HU,105,948,3,120,100,70,70,50,50,30,40,30,25,20,25,1010,180,10,120,12,210,180,90, ,5,328
8/26/17 9:00,TS,28.4534,-97.2205,2017228N14314,2017,61,,HARVEY, , , ,main,0,0,P_____________, ,AL092017,28.4534,-97.2205, ,HU,85,963,2,120,100,70,70,50,50,30,40,27,22,17,22,1010,180,10, ,12,180,180, , ,5,340
8/26/17 12:00,TS,28.7,-97.3,2017228N14314,2017,61,,HARVEY,65,978,hurdat_atl,main,0,0,O_____________,hurdat_atl,AL092017,28.7,-97.3, ,HU,65,978,1,120,100,70,70,50,50,30,40,25,20,15,20,1010,180,10,85,12,150,180, , ,5,337
8/26/17 15:00,TS,28.8725,-97.4225,2017228N14314,2017,61,,HARVEY, , , ,main,0,0,P_____________, ,AL092017,28.8725,-97.4225, ,HU,57,984,0,97,100,50,60,45,45,25,35, , , , ,1010,180,10, ,12,150,150, , ,3,330
8/26/17 18:00,TS,29,-97.5,2017228N14314,2017,61,,HARVEY,50,991,hurdat_atl,main,0,0,O_____________,hurdat_atl,AL092017,29,-97.5, ,TS,50,991,0,75,100,30,50,40,40,20,30, , , , ,1010,180,10,75,12,150,120, , ,2,354
8/26/17 21:00,TS,29.115,-97.4501,2017228N14314,2017,61,,HARVEY, , , ,main,0,0,P_____________, ,AL092017,29.115,-97.4501, ,TS,47,993,0,62,100,30,50, , , , , , , , ,1009,180,15, ,12,150,135, , ,2,25
8/27/17 0:00,TS,29.2,-97.4,2017228N14314,2017,61,,HARVEY,45,995,hurdat_atl,main,0,0,O_____________,hurdat_atl,AL092017,29.2,-97.4, ,TS,45,995,0,50,100,30,50, , , , , , , , ,1008,180,20,60,12,150,150, , ,2,349
8/27/17 3:00,TS,29.28,-97.4999,2017228N14314,2017,61,,HARVEY, , , ,main,0,0,P_____________, ,AL092017,29.28,-97.4999, ,TS,42,996,0,50,100,30,50, , , , , , , , ,1009,180,20, , , , , , ,2,300
8/27/17 6:00,TS,29.3,-97.6,2017228N14314,2017,61,,HARVEY,40,998,hurdat_atl,main,0,0,O_____________,hurdat_atl,AL092017,29.3,-97.6, ,TS,40,998,0,50,100,30,50, , , , , , , , ,1010,180,20,50, , , , , ,1,232
8/27/17 9:00,TS,29.215,-97.5875,2017228N14314,2017,61,,HARVEY, , , ,main,0,0,P_____________, ,AL092017,29.215,-97.5875, ,TS,37,998,0,100,80, ,40, , , , , , , , ,1010,180,60, , , , , , ,2,155
8/27/17 12:00,TS,29.1,-97.5,2017228N14314,2017,61,,HARVEY,35,998,hurdat_atl,main,0,0,O_____________,hurdat_atl,AL092017,29.1,-97.5, ,TS,35,998,0,150,60, ,30, , , , , , , , ,1010,180,100,45, , , , , ,3,131
8/27/17 15:00,TS,29.05,-97.3726,2017228N14314,2017,61,,HARVEY, , , ,main,0,0,P_____________, ,AL092017,29.05,-97.3726, ,TS,35,998,0,135,60, ,45, , , , , , , , ,1010,180,95, , , , , , ,3,111
8/27/17 18:00,TS,29,-97.2,2017228N14314,2017,61,,HARVEY,35,998,hurdat_atl,main,0,0,O_____________,hurdat_atl,AL092017,29,-97.2, ,TS,35,998,0,120,60,30,60, , , , , , , , ,1010,180,90,45, , , , , ,4,114
8/27/17 21:00,TS,28.9075,-97,2017228N14314,2017,61,,HARVEY, , , ,main,0,0,P_____________, ,AL092017,28.9075,-97, ,TS,35,997,0,120,60,30,60, , , , , , , , ,1010,195,90, , , , , , ,4,120
8/28/17 0:00,TS,28.8,-96.8,2017228N14314,2017,61,,HARVEY,35,997,hurdat_atl,main,0,0,O_____________,hurdat_atl,AL092017,28.8,-96.8, ,TS,35,997,0,120,60,30,60, , , , , , , , ,1010,210,90,45, , , , , ,4,124
8/28/17 3:00,TS,28.6925,-96.6425,2017228N14314,2017,61,GM,HARVEY, , , ,main,0,0,P_____________, ,AL092017,28.6925,-96.6425, ,TS,37,997,0,135,105,30,60, , , , , , , , ,1009,195,90, , , , , , ,3,127
8/28/17 6:00,TS,28.6,-96.5,2017228N14314,2017,61,GM,HARVEY,40,997,hurdat_atl,main,0,0,O_____________,hurdat_atl,AL092017,28.6,-96.5, ,TS,40,997,0,150,150,30,60, , , , , , , , ,1008,180,90,45, , , , , ,3,120
8/28/17 9:00,TS,28.5425,-96.3501,2017228N14314,2017,61,GM,HARVEY, , , ,main,9,0,P_____________, ,AL092017,28.5425,-96.3501, ,TS,40,997,0,150,150,30, , , , , , , , , ,1008,180,75, , , , , , ,3,111
8/28/17 12:00,TS,28.5,-96.2,2017228N14314,2017,61,GM,HARVEY,40,997,hurdat_atl,main,0,0,O_____________,hurdat_atl,AL092017,28.5,-96.2, ,TS,40,997,0,150,150,30, , , , , , , , , ,1008,180,60,45, , , , , ,3,109
8/28/17 15:00,TS,28.4574,-96.0651,2017228N14314,2017,61,GM,HARVEY, , , ,main,9,9,P_____________, ,AL092017,28.4574,-96.0651, ,TS,40,997,0,150,150,45, , , , , , , , , ,1008,180,60, , , , , , ,3,111
8/28/17 18:00,TS,28.4,-95.9,2017228N14314,2017,61,GM,HARVEY,40,997,hurdat_atl,main,24,24,O_____________,hurdat_atl,AL092017,28.4,-95.9, ,TS,40,997,0,150,150,60, , , , , , , , , ,1009,180,60,45, , , , , ,4,114
8/28/17 21:00,TS,28.3001,-95.6574,2017228N14314,2017,61,GM,HARVEY, , , ,main,44,44,P_____________, ,AL092017,28.3001,-95.6574, ,TS,40,996,0,150,150,60, , , , , , , , , ,1008,190,60, , , , , , ,5,114
8/29/17 0:00,TS,28.2,-95.4,2017228N14314,2017,61,GM,HARVEY,40,996,hurdat_atl,main,73,73,O_____________,hurdat_atl,AL092017,28.2,-95.4, ,TS,40,996,0,150,150,60,60, , , , , , , , ,1008,200,60, , , , , , ,4,113
8/29/17 3:00,TS,28.1274,-95.1925,2017228N14314,2017,61,GM,HARVEY, , , ,main,91,91,P_____________, ,AL092017,28.1274,-95.1925, ,TS,40,996,0,150,150,60,60, , , , , , , , ,1008,200,60, , , , , , ,4,106
8/29/17 6:00,TS,28.1,-95,2017228N14314,2017,61,GM,HARVEY,40,996,hurdat_atl,main,97,97,O_____________,hurdat_atl,AL092017,28.1,-95, ,TS,40,996,0,150,150,60,60, , , , , , , , ,1008,200,60,50,12,60,90,90, ,3,91
8/29/17 9:00,TS,28.12,-94.8,2017228N14314,2017,61,GM,HARVEY, , , ,main,106,101,P_____________, ,AL092017,28.12,-94.8, ,TS,40,995,0,145,145,60,60, , , , , , , , ,1008,200,60, ,12,60,90,90, ,4,74
8/29/17 12:00,TS,28.2,-94.6,2017228N14314,2017,61,GM,HARVEY,40,995,hurdat_atl,main,106,103,O_____________,hurdat_atl,AL092017,28.2,-94.6, ,TS,40,995,0,140,140,60,60, , , , , , , , ,1008,200,60,50,12,60,90,90, ,4,60
8/29/17 15:00,TS,28.3275,-94.4,2017228N14314,2017,61,GM,HARVEY, , , ,main,110,102,P_____________, ,AL092017,28.3275,-94.4, ,TS,42,994,0,120,140,60,60, , , , , , , , ,1008,200,60, ,12,45,60,60, ,5,49
8/29/17 18:00,TS,28.5,-94.2,2017228N14314,2017,61,GM,HARVEY,45,993,hurdat_atl,main,112,106,O_____________,hurdat_atl,AL092017,28.5,-94.2, ,TS,45,993,0,100,140,60,60, , , , , , , , ,1008,200,60,55,12,30,30,30, ,5,46
8/29/17 21:00,TS,28.685,-93.985,2017228N14314,2017,61,GM,HARVEY, , , ,main,106,89,P_____________, ,AL092017,28.685,-93.985, ,TS,45,993,0,100,140,60,60, , , , , , , , ,1008,200,60, ,12,60,60,45, ,5,41
8/30/17 0:00,TS,28.9,-93.8,2017228N14314,2017,61,GM,HARVEY,45,994,hurdat_atl,main,89,78,O_____________,hurdat_atl,AL092017,28.9,-93.8, ,TS,45,994,0,100,140,60,60, , , , , , , , ,1008,200,60,55,12,90,90,60, ,5,34
8/30/17 3:00,TS,29.062,-93.6984,2017228N14314,2017,61,GM,HARVEY, , , ,main,67,38,P_____________, ,AL092017,29.062,-93.6984, ,TS,42,992,0,85,105,65,65, , , , , , , , ,1009,200,55, ,12,90,90,75, ,5,20
8/30/17 6:00,TS,29.4,-93.6,2017228N14314,2017,61,GM,HARVEY,40,990,hurdat_atl,main,38,0,O_____________,hurdat_atl,AL092017,29.4,-93.6, ,TS,40,990,0,70,70,70,70, , , , , , , , ,1010,200,50,50,12,90,90,90, ,9,13
8/30/17 8:00,TS,29.8,-93.5,2017228N14314,2017,61,GM,HARVEY,40,991,hurdat_atl,main,0,0,O_____________,hurdat_atl,AL092017,29.8,-93.5,L,TS,40,991,0,60,60,70,70, , , , , , , , ,1010,200,50, , , , , , ,11,12
8/30/17 9:00,TS,29.9243,-93.4675,2017228N14314,2017,61,,HARVEY, , , ,main,0,0,P_____________, ,AL092017,29.9243,-93.4675, ,TS,40,991,0,55,60,70,62, , , , , , , , ,1010,200,47, , , , , , ,5,16
8/30/17 12:00,TS,30.1,-93.4,2017228N14314,2017,61,,HARVEY,40,992,hurdat_atl,main,0,0,O_____________,hurdat_atl,AL092017,30.1,-93.4, ,TS,40,992,0,40,60,70,40, , , , , , , , ,1010,200,40,50, , , , , ,4,22
8/30/17 15:00,TS,30.3312,-93.2777,2017228N14314,2017,61,,HARVEY, , , ,main,0,0,P_____________, ,AL092017,30.3312,-93.2777, ,TS,37,994,0, ,60,70, , , , , , , , , ,1011,200,55, , , , , , ,6,28
8/30/17 18:00,TS,30.6,-93.1,2017228N14314,2017,61,,HARVEY,35,996,hurdat_atl,main,0,0,O_____________,hurdat_atl,AL092017,30.6,-93.1, ,TS,35,996,0, ,60,70, , , , , , , , , ,1012,200,70,45,12, ,90,90, ,7,31
8/30/17 21:00,TS,30.9426,-92.8577,2017228N14314,2017,61,,HARVEY, , , ,main,0,0,P_____________, ,AL092017,30.9426,-92.8577, ,TS,32,997,-1, , , , , , , , , , , , ,1011,210,75, ,12, ,120, , ,8,31
8/31/17 0:00,TS,31.3,-92.6,2017228N14314,2017,61,,HARVEY,30,998,hurdat_atl,main,0,0,O_____________,hurdat_atl,AL092017,31.3,-92.6, ,TD,30,998,-1, , , , , , , , , , , , ,1010,220,80,40,12, ,150, , ,8,30
8/31/17 3:00,TS,31.6074,-92.3997,2017228N14314,2017,61,,HARVEY, , , ,main,0,0,P_____________, ,AL092017,31.6074,-92.3997, ,TD,27,998,-1, , , , , , , , , , , , ,1010,220,80, , , , , , ,7,30
8/31/17 6:00,TS,31.9,-92.2,2017228N14314,2017,61,,HARVEY,25,999,hurdat_atl,main,0,0,O_____________,hurdat_atl,AL092017,31.9,-92.2, ,TD,25,999,-1, , , , , , , , , , , , ,1010,220,80, , , , , , ,7,32
8/31/17 9:00,TS,32.1773,-91.9794,2017228N14314,2017,61,,HARVEY, , , ,main,0,0,P_____________, ,AL092017,32.1773,-91.9794, ,TD,22,1000,-1, , , , , , , , , , , , ,1010,220,80, , , , , , ,7,35
8/31/17 12:00,TS,32.5,-91.7,2017228N14314,2017,61,,HARVEY,20,1001,hurdat_atl,main,0,0,O_____________,hurdat_atl,AL092017,32.5,-91.7, ,TD,20,1001,-1, , , , , , , , , , , , ,1010,220,80, , , , , , ,9,34
8/31/17 15:00,TS,32.9421,-91.3598,2017228N14314,2017,61,,HARVEY, , , ,main,0,0,P_____________, ,AL092017,32.9421,-91.3598, ,TD,22,1001,-1, , , , , , , , , , , , ,1010,220,80, , , , , , ,11,37
8/31/17 18:00,TS,33.4,-90.9,2017228N14314,2017,61,,HARVEY,25,1001,hurdat_atl,main,0,0,O_____________,hurdat_atl,AL092017,33.4,-90.9, ,TD,25,1001,-1, , , , , , , , , , , , ,1010,220,80, , , , , , ,12,47
8/31/17 21:00,TS,33.7575,-90.2944,2017228N14314,2017,61,,HARVEY, , , ,main,0,0,P_____________, ,AL092017,33.7575,-90.2944, ,TD,27,1000,-1, , , , , , , , , , , , ,1010,220,80, , , , , , ,13,57
9/1/17 0:00,TS,34.1,-89.6,2017228N14314,2017,61,,HARVEY,30,1000,hurdat_atl,main,0,0,O_____________,hurdat_atl,AL092017,34.1,-89.6, ,TD,30,1000,-1, , , , , , , , , , , , ,1010,220,80, , , , , , ,14,59
9/1/17 3:00,TS,34.4701,-88.8845,2017228N14314,2017,61,,HARVEY, , , ,main,0,0,P_____________, ,AL092017,34.4701,-88.8845, ,TD,30,1001,-1, , , , , , , , , , , , ,1010,220,80, , , , , , ,14,55
9/1/17 6:00,ET,34.9,-88.2,2017228N14314,2017,61,,HARVEY,30,1002,hurdat_atl,main,0,0,O_____________,hurdat_atl,AL092017,34.9,-88.2, ,EX,30,1002,-4, , , , , , , , , , , , ,1010,220,80, , , , , , ,15,46
9/1/17 9:00,ET,35.4723,-87.5982,2017228N14314,2017,61,,HARVEY, , , ,main,0,0,P_____________, ,AL092017,35.4723,-87.5982, ,EX,27,1002,-4, , , , , , , , , , , , ,1010,220,80, , , , , , ,14,39
9/1/17 12:00,ET,36,-87.1,2017228N14314,2017,61,,HARVEY,25,1002,hurdat_atl,main,0,0,O_____________,hurdat_atl,AL092017,36,-87.1, ,EX,25,1002,-4, , , , , , , , , , , , ,1010,220,80, , , , , , ,11,41
9/1/17 15:00,ET,36.2795,-86.7259,2017228N14314,2017,61,,HARVEY, , , ,main,0,0,P_____________, ,AL092017,36.2795,-86.7259, ,EX,22,1003,-4, , , , , , , , , , , , ,1010,220,80, , , , , , ,8,48
9/1/17 18:00,ET,36.5,-86.4,2017228N14314,2017,61,,HARVEY,20,1004,hurdat_atl,main,0,0,O_____________,hurdat_atl,AL092017,36.5,-86.4, ,EX,20,1004,-4, , , , , , , , , , , , ,1010,220,80, , , , , , ,8,46
9/1/17 21:00,ET,36.835,-86.0001,2017228N14314,2017,61,,HARVEY, , , ,main,0,0,P_____________, ,AL092017,36.835,-86.0001, ,EX,20,1005,-4, , , , , , , , , , , , ,1010,220,80, , , , , , ,9,42
9/2/17 0:00,ET,37.2,-85.6,2017228N14314,2017,61,,HARVEY,20,1007,hurdat_atl,main,0,0,O_____________,hurdat_atl,AL092017,37.2,-85.6, ,EX,20,1007,-4, , , , , , , , , , , , ,1010,220,80, , , , , , ,10,40
9/2/17 3:00,ET,37.5801,-85.2053,2017228N14314,2017,61,,HARVEY, , , ,main,0,0,P_____________, ,AL092017,37.5801,-85.2053, ,EX,20,1008,-4, , , , , , , , , , , , ,1010,220,80, , , , , , ,9,38
9/2/17 6:00,ET,37.9,-84.9,2017228N14314,2017,61,,HARVEY,20,1009,hurdat_atl,main,0,0,O_____________,hurdat_atl,AL092017,37.9,-84.9, ,EX,20,1009,-4, , , , , , , , , , , , ,1010,220,80, , , , , , ,6,35
9/2/17 9:00,ET,38.0899,-84.7522,2017228N14314,2017,61,,HARVEY, , , ,main,0,0,P_____________, ,AL092017,38.0899,-84.7522, ,EX,17,1011,-4, , , , , , , , , , , , ,1010,220,80, , , , , , ,3,27
9/2/17 12:00,ET,38.2,-84.7,2017228N14314,2017,61,,HARVEY,15,1013,hurdat_atl,main,0, ,O_____________,hurdat_atl,AL092017,38.2,-84.7, ,EX,15,1013,-4, , , , , , , , , , , , ,1010,220,80, , , , , , ,2,22